Jurisdiction,Value,Race/ ethnicity,Year,Measure
Allegany,164.8,All races/ethnicities (aggregated),2015-2017,Cancer Mortality Rate
Allegany,168.5,White Non-Hispanic,2015-2017,Cancer Mortality Rate
Allegany,171.3,All races/ethnicities (aggregated),2014-2016,Cancer Mortality Rate
Allegany,175.3,White Non-Hispanic,2014-2016,Cancer Mortality Rate
Allegany,174.8,All races/ethnicities (aggregated),2013-2015,Cancer Mortality Rate
Allegany,177.3,White Non-Hispanic,2013-2015,Cancer Mortality Rate
Allegany,163.8,All races/ethnicities (aggregated),2012-2014,Cancer Mortality Rate
Allegany,166.2,White Non-Hispanic,2012-2014,Cancer Mortality Rate
Allegany,163.6,All races/ethnicities (aggregated),2011-2013,Cancer Mortality Rate
Allegany,166.6,White Non-Hispanic,2011-2013,Cancer Mortality Rate
Allegany,163.4,All races/ethnicities (aggregated),2010-2012,Cancer Mortality Rate
Allegany,167.6,White Non-Hispanic,2010-2012,Cancer Mortality Rate
Allegany,178.3,All races/ethnicities (aggregated),2009-2011,Cancer Mortality Rate
Allegany,181.9,White Non-Hispanic,2009-2011,Cancer Mortality Rate
Allegany,184.4,All races/ethnicities (aggregated),2008-2010,Cancer Mortality Rate
Allegany,187.2,White Non-Hispanic,2008-2010,Cancer Mortality Rate
Allegany,190.2,All races/ethnicities (aggregated),2007-2009,Cancer Mortality Rate
Allegany,191.8,White Non-Hispanic,2007-2009,Cancer Mortality Rate
Anne Arundel,153.9,All races/ethnicities (aggregated),2015-2017,Cancer Mortality Rate
Anne Arundel,169.2,Black Non-Hispanic,2015-2017,Cancer Mortality Rate
Anne Arundel,156.3,White Non-Hispanic,2015-2017,Cancer Mortality Rate
Anne Arundel,105.7,Asian/ Pacific Islander Non-Hispanic,2015-2017,Cancer Mortality Rate
Anne Arundel,159.6,All races/ethnicities (aggregated),2014-2016,Cancer Mortality Rate
Anne Arundel,180.3,Black Non-Hispanic,2014-2016,Cancer Mortality Rate
Anne Arundel,161.4,White Non-Hispanic,2014-2016,Cancer Mortality Rate
Anne Arundel,164.7,All races/ethnicities (aggregated),2013-2015,Cancer Mortality Rate
Anne Arundel,173.7,Black Non-Hispanic,2013-2015,Cancer Mortality Rate
Anne Arundel,168.5,White Non-Hispanic,2013-2015,Cancer Mortality Rate
Anne Arundel,167.3,All races/ethnicities (aggregated),2012-2014,Cancer Mortality Rate
Anne Arundel,174.5,Black Non-Hispanic,2012-2014,Cancer Mortality Rate
Anne Arundel,62.2,Hispanic,2012-2014,Cancer Mortality Rate
Anne Arundel,171.4,White Non-Hispanic,2012-2014,Cancer Mortality Rate
Anne Arundel,97.4,Asian/ Pacific Islander Non-Hispanic,2012-2014,Cancer Mortality Rate
Anne Arundel,166.1,All races/ethnicities (aggregated),2011-2013,Cancer Mortality Rate
Anne Arundel,173.8,Black Non-Hispanic,2011-2013,Cancer Mortality Rate
Anne Arundel,170.2,White Non-Hispanic,2011-2013,Cancer Mortality Rate
Anne Arundel,103.1,Asian/ Pacific Islander Non-Hispanic,2011-2013,Cancer Mortality Rate
Anne Arundel,164.1,All races/ethnicities (aggregated),2010-2012,Cancer Mortality Rate
Anne Arundel,181.8,Black Non-Hispanic,2010-2012,Cancer Mortality Rate
Anne Arundel,166.2,White Non-Hispanic,2010-2012,Cancer Mortality Rate
Anne Arundel,116.8,Asian/ Pacific Islander Non-Hispanic,2010-2012,Cancer Mortality Rate
Anne Arundel,171.3,All races/ethnicities (aggregated),2009-2011,Cancer Mortality Rate
Anne Arundel,184.5,Black Non-Hispanic,2009-2011,Cancer Mortality Rate
Anne Arundel,174,White Non-Hispanic,2009-2011,Cancer Mortality Rate
Anne Arundel,109.2,Asian/ Pacific Islander Non-Hispanic,2009-2011,Cancer Mortality Rate
Anne Arundel,182.2,All races/ethnicities (aggregated),2008-2010,Cancer Mortality Rate
Anne Arundel,183.3,Black Non-Hispanic,2008-2010,Cancer Mortality Rate
Anne Arundel,89.1,Hispanic,2008-2010,Cancer Mortality Rate
Anne Arundel,186.8,White Non-Hispanic,2008-2010,Cancer Mortality Rate
Anne Arundel,96.4,Asian/ Pacific Islander Non-Hispanic,2008-2010,Cancer Mortality Rate
Anne Arundel,195.2,All races/ethnicities (aggregated),2007-2009,Cancer Mortality Rate
Anne Arundel,184.3,Black Non-Hispanic,2007-2009,Cancer Mortality Rate
Anne Arundel,85.9,Hispanic,2007-2009,Cancer Mortality Rate
Anne Arundel,202.1,White Non-Hispanic,2007-2009,Cancer Mortality Rate
Anne Arundel,75.2,Asian/ Pacific Islander Non-Hispanic,2007-2009,Cancer Mortality Rate
Baltimore City,201.9,All races/ethnicities (aggregated),2015-2017,Cancer Mortality Rate
Baltimore City,216.8,Black Non-Hispanic,2015-2017,Cancer Mortality Rate
Baltimore City,187.6,White Non-Hispanic,2015-2017,Cancer Mortality Rate
Baltimore City,205.5,All races/ethnicities (aggregated),2014-2016,Cancer Mortality Rate
Baltimore City,221.1,Black Non-Hispanic,2014-2016,Cancer Mortality Rate
Baltimore City,188.8,White Non-Hispanic,2014-2016,Cancer Mortality Rate
Baltimore City,205.5,All races/ethnicities (aggregated),2013-2015,Cancer Mortality Rate
Baltimore City,222.4,Black Non-Hispanic,2013-2015,Cancer Mortality Rate
Baltimore City,186.9,White Non-Hispanic,2013-2015,Cancer Mortality Rate
Baltimore City,208.5,All races/ethnicities (aggregated),2012-2014,Cancer Mortality Rate
Baltimore City,222.7,Black Non-Hispanic,2012-2014,Cancer Mortality Rate
Baltimore City,194.9,White Non-Hispanic,2012-2014,Cancer Mortality Rate
Baltimore City,86.7,Asian/ Pacific Islander Non-Hispanic,2012-2014,Cancer Mortality Rate
Baltimore City,212.4,All races/ethnicities (aggregated),2011-2013,Cancer Mortality Rate
Baltimore City,229.4,Black Non-Hispanic,2011-2013,Cancer Mortality Rate
Baltimore City,194.2,White Non-Hispanic,2011-2013,Cancer Mortality Rate
Baltimore City,74.2,Asian/ Pacific Islander Non-Hispanic,2011-2013,Cancer Mortality Rate
Baltimore City,215.2,All races/ethnicities (aggregated),2010-2012,Cancer Mortality Rate
Baltimore City,231.2,Black Non-Hispanic,2010-2012,Cancer Mortality Rate
Baltimore City,198.7,White Non-Hispanic,2010-2012,Cancer Mortality Rate
Baltimore City,100.2,Asian/ Pacific Islander Non-Hispanic,2010-2012,Cancer Mortality Rate
Baltimore City,218.4,All races/ethnicities (aggregated),2009-2011,Cancer Mortality Rate
Baltimore City,234.7,Black Non-Hispanic,2009-2011,Cancer Mortality Rate
Baltimore City,200.7,White Non-Hispanic,2009-2011,Cancer Mortality Rate
Baltimore City,101.2,Asian/ Pacific Islander Non-Hispanic,2009-2011,Cancer Mortality Rate
Baltimore City,217.6,All races/ethnicities (aggregated),2008-2010,Cancer Mortality Rate
Baltimore City,232,Black Non-Hispanic,2008-2010,Cancer Mortality Rate
Baltimore City,206.1,White Non-Hispanic,2008-2010,Cancer Mortality Rate
Baltimore City,115.8,Asian/ Pacific Islander Non-Hispanic,2008-2010,Cancer Mortality Rate
Baltimore City,216.8,All races/ethnicities (aggregated),2007-2009,Cancer Mortality Rate
Baltimore City,239.3,Black Non-Hispanic,2007-2009,Cancer Mortality Rate
Baltimore City,190.8,White Non-Hispanic,2007-2009,Cancer Mortality Rate
Baltimore County,167.8,All races/ethnicities (aggregated),2015-2017,Cancer Mortality Rate
Baltimore County,170.3,Black Non-Hispanic,2015-2017,Cancer Mortality Rate
Baltimore County,173.6,White Non-Hispanic,2015-2017,Cancer Mortality Rate
Baltimore County,85.1,Asian/ Pacific Islander Non-Hispanic,2015-2017,Cancer Mortality Rate
Baltimore County,171,All races/ethnicities (aggregated),2014-2016,Cancer Mortality Rate
Baltimore County,178.3,Black Non-Hispanic,2014-2016,Cancer Mortality Rate
Baltimore County,175.1,White Non-Hispanic,2014-2016,Cancer Mortality Rate
Baltimore County,99.2,Asian/ Pacific Islander Non-Hispanic,2014-2016,Cancer Mortality Rate
Baltimore County,168.4,All races/ethnicities (aggregated),2013-2015,Cancer Mortality Rate
Baltimore County,181.6,Black Non-Hispanic,2013-2015,Cancer Mortality Rate
Baltimore County,171,White Non-Hispanic,2013-2015,Cancer Mortality Rate
Baltimore County,94.8,Asian/ Pacific Islander Non-Hispanic,2013-2015,Cancer Mortality Rate
Baltimore County,168.4,All races/ethnicities (aggregated),2012-2014,Cancer Mortality Rate
Baltimore County,175.9,Black Non-Hispanic,2012-2014,Cancer Mortality Rate
Baltimore County,79.2,Hispanic,2012-2014,Cancer Mortality Rate
Baltimore County,172.5,White Non-Hispanic,2012-2014,Cancer Mortality Rate
Baltimore County,93.8,Asian/ Pacific Islander Non-Hispanic,2012-2014,Cancer Mortality Rate
Baltimore County,168.4,All races/ethnicities (aggregated),2011-2013,Cancer Mortality Rate
Baltimore County,183.9,Black Non-Hispanic,2011-2013,Cancer Mortality Rate
Baltimore County,60.2,Hispanic,2011-2013,Cancer Mortality Rate
Baltimore County,171.1,White Non-Hispanic,2011-2013,Cancer Mortality Rate
Baltimore County,73.1,Asian/ Pacific Islander Non-Hispanic,2011-2013,Cancer Mortality Rate
Baltimore County,173.9,All races/ethnicities (aggregated),2010-2012,Cancer Mortality Rate
Baltimore County,193.2,Black Non-Hispanic,2010-2012,Cancer Mortality Rate
Baltimore County,70,Hispanic,2010-2012,Cancer Mortality Rate
Baltimore County,175.9,White Non-Hispanic,2010-2012,Cancer Mortality Rate
Baltimore County,82.9,Asian/ Pacific Islander Non-Hispanic,2010-2012,Cancer Mortality Rate
Baltimore County,180.5,All races/ethnicities (aggregated),2009-2011,Cancer Mortality Rate
Baltimore County,198.8,Black Non-Hispanic,2009-2011,Cancer Mortality Rate
Baltimore County,70.7,Hispanic,2009-2011,Cancer Mortality Rate
Baltimore County,181.6,White Non-Hispanic,2009-2011,Cancer Mortality Rate
Baltimore County,101.1,Asian/ Pacific Islander Non-Hispanic,2009-2011,Cancer Mortality Rate
Baltimore County,191.2,All races/ethnicities (aggregated),2008-2010,Cancer Mortality Rate
Baltimore County,218.8,Black Non-Hispanic,2008-2010,Cancer Mortality Rate
Baltimore County,67.8,Hispanic,2008-2010,Cancer Mortality Rate
Baltimore County,191.7,White Non-Hispanic,2008-2010,Cancer Mortality Rate
Baltimore County,98.5,Asian/ Pacific Islander Non-Hispanic,2008-2010,Cancer Mortality Rate
Baltimore County,186.9,All races/ethnicities (aggregated),2007-2009,Cancer Mortality Rate
Baltimore County,214.4,Black Non-Hispanic,2007-2009,Cancer Mortality Rate
Baltimore County,76.9,Hispanic,2007-2009,Cancer Mortality Rate
Baltimore County,186.7,White Non-Hispanic,2007-2009,Cancer Mortality Rate
Baltimore County,95.5,Asian/ Pacific Islander Non-Hispanic,2007-2009,Cancer Mortality Rate
Calvert,161.9,All races/ethnicities (aggregated),2015-2017,Cancer Mortality Rate
Calvert,169.2,Black Non-Hispanic,2015-2017,Cancer Mortality Rate
Calvert,165.1,White Non-Hispanic,2015-2017,Cancer Mortality Rate
Calvert,160.8,All races/ethnicities (aggregated),2014-2016,Cancer Mortality Rate
Calvert,178.6,Black Non-Hispanic,2014-2016,Cancer Mortality Rate
Calvert,163.7,White Non-Hispanic,2014-2016,Cancer Mortality Rate
Calvert,157.5,All races/ethnicities (aggregated),2013-2015,Cancer Mortality Rate
Calvert,185,Black Non-Hispanic,2013-2015,Cancer Mortality Rate
Calvert,158.4,White Non-Hispanic,2013-2015,Cancer Mortality Rate
Calvert,172.5,All races/ethnicities (aggregated),2012-2014,Cancer Mortality Rate
Calvert,216.9,Black Non-Hispanic,2012-2014,Cancer Mortality Rate
Calvert,170.6,White Non-Hispanic,2012-2014,Cancer Mortality Rate
Calvert,172.9,All races/ethnicities (aggregated),2011-2013,Cancer Mortality Rate
Calvert,184.2,Black Non-Hispanic,2011-2013,Cancer Mortality Rate
Calvert,174.4,White Non-Hispanic,2011-2013,Cancer Mortality Rate
Calvert,172.1,All races/ethnicities (aggregated),2010-2012,Cancer Mortality Rate
Calvert,177.7,Black Non-Hispanic,2010-2012,Cancer Mortality Rate
Calvert,172.6,White Non-Hispanic,2010-2012,Cancer Mortality Rate
Calvert,175.1,All races/ethnicities (aggregated),2009-2011,Cancer Mortality Rate
Calvert,162.3,Black Non-Hispanic,2009-2011,Cancer Mortality Rate
Calvert,178,White Non-Hispanic,2009-2011,Cancer Mortality Rate
Calvert,179.4,All races/ethnicities (aggregated),2008-2010,Cancer Mortality Rate
Calvert,183.1,Black Non-Hispanic,2008-2010,Cancer Mortality Rate
Calvert,181.6,White Non-Hispanic,2008-2010,Cancer Mortality Rate
Calvert,189.3,All races/ethnicities (aggregated),2007-2009,Cancer Mortality Rate
Calvert,197.7,Black Non-Hispanic,2007-2009,Cancer Mortality Rate
Calvert,192.1,White Non-Hispanic,2007-2009,Cancer Mortality Rate
Caroline,169,All races/ethnicities (aggregated),2015-2017,Cancer Mortality Rate
Caroline,166,White Non-Hispanic,2015-2017,Cancer Mortality Rate
Caroline,178.3,All races/ethnicities (aggregated),2014-2016,Cancer Mortality Rate
Caroline,176.4,White Non-Hispanic,2014-2016,Cancer Mortality Rate
Caroline,173.5,All races/ethnicities (aggregated),2013-2015,Cancer Mortality Rate
Caroline,180.2,White Non-Hispanic,2013-2015,Cancer Mortality Rate
Caroline,183.7,All races/ethnicities (aggregated),2012-2014,Cancer Mortality Rate
Caroline,158.6,Black Non-Hispanic,2012-2014,Cancer Mortality Rate
Caroline,192.7,White Non-Hispanic,2012-2014,Cancer Mortality Rate
Caroline,174.2,All races/ethnicities (aggregated),2011-2013,Cancer Mortality Rate
Caroline,158.2,Black Non-Hispanic,2011-2013,Cancer Mortality Rate
Caroline,181.3,White Non-Hispanic,2011-2013,Cancer Mortality Rate
Caroline,178.5,All races/ethnicities (aggregated),2010-2012,Cancer Mortality Rate
Caroline,201.9,Black Non-Hispanic,2010-2012,Cancer Mortality Rate
Caroline,177,White Non-Hispanic,2010-2012,Cancer Mortality Rate
Caroline,184.6,All races/ethnicities (aggregated),2009-2011,Cancer Mortality Rate
Caroline,233.2,Black Non-Hispanic,2009-2011,Cancer Mortality Rate
Caroline,178.8,White Non-Hispanic,2009-2011,Cancer Mortality Rate
Caroline,195.7,All races/ethnicities (aggregated),2008-2010,Cancer Mortality Rate
Caroline,222.9,Black Non-Hispanic,2008-2010,Cancer Mortality Rate
Caroline,194.2,White Non-Hispanic,2008-2010,Cancer Mortality Rate
Caroline,212.6,All races/ethnicities (aggregated),2007-2009,Cancer Mortality Rate
Caroline,209.8,Black Non-Hispanic,2007-2009,Cancer Mortality Rate
Caroline,216.4,White Non-Hispanic,2007-2009,Cancer Mortality Rate
Carroll,147.5,All races/ethnicities (aggregated),2015-2017,Cancer Mortality Rate
Carroll,149.6,White Non-Hispanic,2015-2017,Cancer Mortality Rate
Carroll,156.2,All races/ethnicities (aggregated),2014-2016,Cancer Mortality Rate
Carroll,159.5,White Non-Hispanic,2014-2016,Cancer Mortality Rate
Carroll,156.8,All races/ethnicities (aggregated),2013-2015,Cancer Mortality Rate
Carroll,159.2,White Non-Hispanic,2013-2015,Cancer Mortality Rate
Carroll,161.9,All races/ethnicities (aggregated),2012-2014,Cancer Mortality Rate
Carroll,137.9,Black Non-Hispanic,2012-2014,Cancer Mortality Rate
Carroll,165.6,White Non-Hispanic,2012-2014,Cancer Mortality Rate
Carroll,165.1,All races/ethnicities (aggregated),2011-2013,Cancer Mortality Rate
Carroll,185,Black Non-Hispanic,2011-2013,Cancer Mortality Rate
Carroll,167.6,White Non-Hispanic,2011-2013,Cancer Mortality Rate
Carroll,170.3,All races/ethnicities (aggregated),2010-2012,Cancer Mortality Rate
Carroll,177.2,Black Non-Hispanic,2010-2012,Cancer Mortality Rate
Carroll,173.1,White Non-Hispanic,2010-2012,Cancer Mortality Rate
Carroll,175.4,All races/ethnicities (aggregated),2009-2011,Cancer Mortality Rate
Carroll,184.7,Black Non-Hispanic,2009-2011,Cancer Mortality Rate
Carroll,177,White Non-Hispanic,2009-2011,Cancer Mortality Rate
Carroll,175.6,All races/ethnicities (aggregated),2008-2010,Cancer Mortality Rate
Carroll,150.4,Black Non-Hispanic,2008-2010,Cancer Mortality Rate
Carroll,178.2,White Non-Hispanic,2008-2010,Cancer Mortality Rate
Carroll,182.1,All races/ethnicities (aggregated),2007-2009,Cancer Mortality Rate
Carroll,153.7,Black Non-Hispanic,2007-2009,Cancer Mortality Rate
Carroll,183.5,White Non-Hispanic,2007-2009,Cancer Mortality Rate
Cecil,192.3,All races/ethnicities (aggregated),2015-2017,Cancer Mortality Rate
Cecil,194.4,White Non-Hispanic,2015-2017,Cancer Mortality Rate
Cecil,184.3,All races/ethnicities (aggregated),2014-2016,Cancer Mortality Rate
Cecil,184.3,White Non-Hispanic,2014-2016,Cancer Mortality Rate
Cecil,186.4,All races/ethnicities (aggregated),2013-2015,Cancer Mortality Rate
Cecil,188.1,White Non-Hispanic,2013-2015,Cancer Mortality Rate
Cecil,185.9,All races/ethnicities (aggregated),2012-2014,Cancer Mortality Rate
Cecil,210.1,Black Non-Hispanic,2012-2014,Cancer Mortality Rate
Cecil,187.7,White Non-Hispanic,2012-2014,Cancer Mortality Rate
Cecil,189.4,All races/ethnicities (aggregated),2011-2013,Cancer Mortality Rate
Cecil,199.6,Black Non-Hispanic,2011-2013,Cancer Mortality Rate
Cecil,192,White Non-Hispanic,2011-2013,Cancer Mortality Rate
Cecil,188.4,All races/ethnicities (aggregated),2010-2012,Cancer Mortality Rate
Cecil,151.9,Black Non-Hispanic,2010-2012,Cancer Mortality Rate
Cecil,192.5,White Non-Hispanic,2010-2012,Cancer Mortality Rate
Cecil,196.7,All races/ethnicities (aggregated),2009-2011,Cancer Mortality Rate
Cecil,163.2,Black Non-Hispanic,2009-2011,Cancer Mortality Rate
Cecil,201,White Non-Hispanic,2009-2011,Cancer Mortality Rate
Cecil,206,All races/ethnicities (aggregated),2008-2010,Cancer Mortality Rate
Cecil,164.4,Black Non-Hispanic,2008-2010,Cancer Mortality Rate
Cecil,211,White Non-Hispanic,2008-2010,Cancer Mortality Rate
Cecil,220.2,All races/ethnicities (aggregated),2007-2009,Cancer Mortality Rate
Cecil,240.8,Black Non-Hispanic,2007-2009,Cancer Mortality Rate
Cecil,222.3,White Non-Hispanic,2007-2009,Cancer Mortality Rate
Charles,154.5,All races/ethnicities (aggregated),2015-2017,Cancer Mortality Rate
Charles,147,Black Non-Hispanic,2015-2017,Cancer Mortality Rate
Charles,168.8,White Non-Hispanic,2015-2017,Cancer Mortality Rate
Charles,158.3,All races/ethnicities (aggregated),2014-2016,Cancer Mortality Rate
Charles,159.2,Black Non-Hispanic,2014-2016,Cancer Mortality Rate
Charles,165.4,White Non-Hispanic,2014-2016,Cancer Mortality Rate
Charles,161.7,All races/ethnicities (aggregated),2013-2015,Cancer Mortality Rate
Charles,154.5,Black Non-Hispanic,2013-2015,Cancer Mortality Rate
Charles,172.5,White Non-Hispanic,2013-2015,Cancer Mortality Rate
Charles,177.1,All races/ethnicities (aggregated),2012-2014,Cancer Mortality Rate
Charles,179.5,Black Non-Hispanic,2012-2014,Cancer Mortality Rate
Charles,182.8,White Non-Hispanic,2012-2014,Cancer Mortality Rate
Charles,151.4,Asian/ Pacific Islander Non-Hispanic,2012-2014,Cancer Mortality Rate
Charles,184.2,All races/ethnicities (aggregated),2011-2013,Cancer Mortality Rate
Charles,212.6,Black Non-Hispanic,2011-2013,Cancer Mortality Rate
Charles,180.2,White Non-Hispanic,2011-2013,Cancer Mortality Rate
Charles,193,All races/ethnicities (aggregated),2010-2012,Cancer Mortality Rate
Charles,226,Black Non-Hispanic,2010-2012,Cancer Mortality Rate
Charles,187.9,White Non-Hispanic,2010-2012,Cancer Mortality Rate
Charles,191.7,All races/ethnicities (aggregated),2009-2011,Cancer Mortality Rate
Charles,219.2,Black Non-Hispanic,2009-2011,Cancer Mortality Rate
Charles,188.2,White Non-Hispanic,2009-2011,Cancer Mortality Rate
Charles,190.1,All races/ethnicities (aggregated),2008-2010,Cancer Mortality Rate
Charles,205.2,Black Non-Hispanic,2008-2010,Cancer Mortality Rate
Charles,191.5,White Non-Hispanic,2008-2010,Cancer Mortality Rate
Charles,199.3,All races/ethnicities (aggregated),2007-2009,Cancer Mortality Rate
Charles,203.7,Black Non-Hispanic,2007-2009,Cancer Mortality Rate
Charles,204.2,White Non-Hispanic,2007-2009,Cancer Mortality Rate
Dorchester,188.5,All races/ethnicities (aggregated),2015-2017,Cancer Mortality Rate
Dorchester,213.6,Black Non-Hispanic,2015-2017,Cancer Mortality Rate
Dorchester,187.6,White Non-Hispanic,2015-2017,Cancer Mortality Rate
Dorchester,196.9,All races/ethnicities (aggregated),2014-2016,Cancer Mortality Rate
Dorchester,222.7,Black Non-Hispanic,2014-2016,Cancer Mortality Rate
Dorchester,196.6,White Non-Hispanic,2014-2016,Cancer Mortality Rate
Dorchester,195.2,All races/ethnicities (aggregated),2013-2015,Cancer Mortality Rate
Dorchester,228.9,Black Non-Hispanic,2013-2015,Cancer Mortality Rate
Dorchester,189.4,White Non-Hispanic,2013-2015,Cancer Mortality Rate
Dorchester,198.5,All races/ethnicities (aggregated),2012-2014,Cancer Mortality Rate
Dorchester,241.5,Black Non-Hispanic,2012-2014,Cancer Mortality Rate
Dorchester,186.2,White Non-Hispanic,2012-2014,Cancer Mortality Rate
Dorchester,187.6,All races/ethnicities (aggregated),2011-2013,Cancer Mortality Rate
Dorchester,237.6,Black Non-Hispanic,2011-2013,Cancer Mortality Rate
Dorchester,171.5,White Non-Hispanic,2011-2013,Cancer Mortality Rate
Dorchester,189.7,All races/ethnicities (aggregated),2010-2012,Cancer Mortality Rate
Dorchester,225.9,Black Non-Hispanic,2010-2012,Cancer Mortality Rate
Dorchester,177.9,White Non-Hispanic,2010-2012,Cancer Mortality Rate
Dorchester,183.7,All races/ethnicities (aggregated),2009-2011,Cancer Mortality Rate
Dorchester,255,Black Non-Hispanic,2009-2011,Cancer Mortality Rate
Dorchester,164.8,White Non-Hispanic,2009-2011,Cancer Mortality Rate
Dorchester,183.4,All races/ethnicities (aggregated),2008-2010,Cancer Mortality Rate
Dorchester,242.5,Black Non-Hispanic,2008-2010,Cancer Mortality Rate
Dorchester,165.6,White Non-Hispanic,2008-2010,Cancer Mortality Rate
Dorchester,190.5,All races/ethnicities (aggregated),2007-2009,Cancer Mortality Rate
Dorchester,251.8,Black Non-Hispanic,2007-2009,Cancer Mortality Rate
Dorchester,174.3,White Non-Hispanic,2007-2009,Cancer Mortality Rate
Frederick,148.2,All races/ethnicities (aggregated),2015-2017,Cancer Mortality Rate
Frederick,167.3,Black Non-Hispanic,2015-2017,Cancer Mortality Rate
Frederick,152.4,White Non-Hispanic,2015-2017,Cancer Mortality Rate
Frederick,151.9,All races/ethnicities (aggregated),2014-2016,Cancer Mortality Rate
Frederick,200.1,Black Non-Hispanic,2014-2016,Cancer Mortality Rate
Frederick,154,White Non-Hispanic,2014-2016,Cancer Mortality Rate
Frederick,147.8,All races/ethnicities (aggregated),2013-2015,Cancer Mortality Rate
Frederick,191.6,Black Non-Hispanic,2013-2015,Cancer Mortality Rate
Frederick,150.3,White Non-Hispanic,2013-2015,Cancer Mortality Rate
Frederick,151.3,All races/ethnicities (aggregated),2012-2014,Cancer Mortality Rate
Frederick,174.9,Black Non-Hispanic,2012-2014,Cancer Mortality Rate
Frederick,156.2,White Non-Hispanic,2012-2014,Cancer Mortality Rate
Frederick,151.6,All races/ethnicities (aggregated),2011-2013,Cancer Mortality Rate
Frederick,168,Black Non-Hispanic,2011-2013,Cancer Mortality Rate
Frederick,155.8,White Non-Hispanic,2011-2013,Cancer Mortality Rate
Frederick,154.8,All races/ethnicities (aggregated),2010-2012,Cancer Mortality Rate
Frederick,190.2,Black Non-Hispanic,2010-2012,Cancer Mortality Rate
Frederick,158.5,White Non-Hispanic,2010-2012,Cancer Mortality Rate
Frederick,158.8,All races/ethnicities (aggregated),2009-2011,Cancer Mortality Rate
Frederick,217.6,Black Non-Hispanic,2009-2011,Cancer Mortality Rate
Frederick,158.9,White Non-Hispanic,2009-2011,Cancer Mortality Rate
Frederick,164.8,All races/ethnicities (aggregated),2008-2010,Cancer Mortality Rate
Frederick,171.2,Black Non-Hispanic,2008-2010,Cancer Mortality Rate
Frederick,168.5,White Non-Hispanic,2008-2010,Cancer Mortality Rate
Frederick,179.8,All races/ethnicities (aggregated),2007-2009,Cancer Mortality Rate
Frederick,197.4,Black Non-Hispanic,2007-2009,Cancer Mortality Rate
Frederick,181.8,White Non-Hispanic,2007-2009,Cancer Mortality Rate
Garrett,147,All races/ethnicities (aggregated),2015-2017,Cancer Mortality Rate
Garrett,148.2,White Non-Hispanic,2015-2017,Cancer Mortality Rate
Garrett,140.4,All races/ethnicities (aggregated),2014-2016,Cancer Mortality Rate
Garrett,140.6,White Non-Hispanic,2014-2016,Cancer Mortality Rate
Garrett,137,All races/ethnicities (aggregated),2013-2015,Cancer Mortality Rate
Garrett,137.1,White Non-Hispanic,2013-2015,Cancer Mortality Rate
Garrett,131.8,All races/ethnicities (aggregated),2012-2014,Cancer Mortality Rate
Garrett,133.3,White Non-Hispanic,2012-2014,Cancer Mortality Rate
Garrett,150.9,All races/ethnicities (aggregated),2011-2013,Cancer Mortality Rate
Garrett,152.5,White Non-Hispanic,2011-2013,Cancer Mortality Rate
Garrett,164.4,All races/ethnicities (aggregated),2010-2012,Cancer Mortality Rate
Garrett,166.1,White Non-Hispanic,2010-2012,Cancer Mortality Rate
Garrett,169.7,All races/ethnicities (aggregated),2009-2011,Cancer Mortality Rate
Garrett,171.1,White Non-Hispanic,2009-2011,Cancer Mortality Rate
Garrett,169.5,All races/ethnicities (aggregated),2008-2010,Cancer Mortality Rate
Garrett,171.3,White Non-Hispanic,2008-2010,Cancer Mortality Rate
Garrett,176,All races/ethnicities (aggregated),2007-2009,Cancer Mortality Rate
Garrett,177,White Non-Hispanic,2007-2009,Cancer Mortality Rate
Harford,164.1,All races/ethnicities (aggregated),2015-2017,Cancer Mortality Rate
Harford,199.8,Black Non-Hispanic,2015-2017,Cancer Mortality Rate
Harford,164.8,White Non-Hispanic,2015-2017,Cancer Mortality Rate
Harford,169.1,All races/ethnicities (aggregated),2014-2016,Cancer Mortality Rate
Harford,200.7,Black Non-Hispanic,2014-2016,Cancer Mortality Rate
Harford,170.5,White Non-Hispanic,2014-2016,Cancer Mortality Rate
Harford,165.6,All races/ethnicities (aggregated),2013-2015,Cancer Mortality Rate
Harford,191.6,Black Non-Hispanic,2013-2015,Cancer Mortality Rate
Harford,167.5,White Non-Hispanic,2013-2015,Cancer Mortality Rate
Harford,170.9,All races/ethnicities (aggregated),2012-2014,Cancer Mortality Rate
Harford,184.3,Black Non-Hispanic,2012-2014,Cancer Mortality Rate
Harford,174.2,White Non-Hispanic,2012-2014,Cancer Mortality Rate
Harford,167.9,All races/ethnicities (aggregated),2011-2013,Cancer Mortality Rate
Harford,174.5,Black Non-Hispanic,2011-2013,Cancer Mortality Rate
Harford,171.7,White Non-Hispanic,2011-2013,Cancer Mortality Rate
Harford,171.8,All races/ethnicities (aggregated),2010-2012,Cancer Mortality Rate
Harford,197.9,Black Non-Hispanic,2010-2012,Cancer Mortality Rate
Harford,173.8,White Non-Hispanic,2010-2012,Cancer Mortality Rate
Harford,170.8,All races/ethnicities (aggregated),2009-2011,Cancer Mortality Rate
Harford,203.2,Black Non-Hispanic,2009-2011,Cancer Mortality Rate
Harford,172.2,White Non-Hispanic,2009-2011,Cancer Mortality Rate
Harford,179.3,All races/ethnicities (aggregated),2008-2010,Cancer Mortality Rate
Harford,202.4,Black Non-Hispanic,2008-2010,Cancer Mortality Rate
Harford,181,White Non-Hispanic,2008-2010,Cancer Mortality Rate
Harford,185.8,All races/ethnicities (aggregated),2007-2009,Cancer Mortality Rate
Harford,195.6,Black Non-Hispanic,2007-2009,Cancer Mortality Rate
Harford,188.2,White Non-Hispanic,2007-2009,Cancer Mortality Rate
Howard,117.6,All races/ethnicities (aggregated),2015-2017,Cancer Mortality Rate
Howard,135.6,Black Non-Hispanic,2015-2017,Cancer Mortality Rate
Howard,123.3,White Non-Hispanic,2015-2017,Cancer Mortality Rate
Howard,75.4,Asian/ Pacific Islander Non-Hispanic,2015-2017,Cancer Mortality Rate
Howard,119.9,All races/ethnicities (aggregated),2014-2016,Cancer Mortality Rate
Howard,150.8,Black Non-Hispanic,2014-2016,Cancer Mortality Rate
Howard,124.5,White Non-Hispanic,2014-2016,Cancer Mortality Rate
Howard,74.4,Asian/ Pacific Islander Non-Hispanic,2014-2016,Cancer Mortality Rate
Howard,131.3,All races/ethnicities (aggregated),2013-2015,Cancer Mortality Rate
Howard,169.6,Black Non-Hispanic,2013-2015,Cancer Mortality Rate
Howard,136.3,White Non-Hispanic,2013-2015,Cancer Mortality Rate
Howard,79.1,Asian/ Pacific Islander Non-Hispanic,2013-2015,Cancer Mortality Rate
Howard,135.3,All races/ethnicities (aggregated),2012-2014,Cancer Mortality Rate
Howard,165.1,Black Non-Hispanic,2012-2014,Cancer Mortality Rate
Howard,140.7,White Non-Hispanic,2012-2014,Cancer Mortality Rate
Howard,87.7,Asian/ Pacific Islander Non-Hispanic,2012-2014,Cancer Mortality Rate
Howard,143.1,All races/ethnicities (aggregated),2011-2013,Cancer Mortality Rate
Howard,168.5,Black Non-Hispanic,2011-2013,Cancer Mortality Rate
Howard,148.4,White Non-Hispanic,2011-2013,Cancer Mortality Rate
Howard,93.8,Asian/ Pacific Islander Non-Hispanic,2011-2013,Cancer Mortality Rate
Howard,140.4,All races/ethnicities (aggregated),2010-2012,Cancer Mortality Rate
Howard,147.5,Black Non-Hispanic,2010-2012,Cancer Mortality Rate
Howard,147.6,White Non-Hispanic,2010-2012,Cancer Mortality Rate
Howard,93.1,Asian/ Pacific Islander Non-Hispanic,2010-2012,Cancer Mortality Rate
Howard,144.7,All races/ethnicities (aggregated),2009-2011,Cancer Mortality Rate
Howard,140.9,Black Non-Hispanic,2009-2011,Cancer Mortality Rate
Howard,155.1,White Non-Hispanic,2009-2011,Cancer Mortality Rate
Howard,89.6,Asian/ Pacific Islander Non-Hispanic,2009-2011,Cancer Mortality Rate
Howard,145.6,All races/ethnicities (aggregated),2008-2010,Cancer Mortality Rate
Howard,145.6,Black Non-Hispanic,2008-2010,Cancer Mortality Rate
Howard,153.4,White Non-Hispanic,2008-2010,Cancer Mortality Rate
Howard,112.4,Asian/ Pacific Islander Non-Hispanic,2008-2010,Cancer Mortality Rate
Howard,161.2,All races/ethnicities (aggregated),2007-2009,Cancer Mortality Rate
Howard,171.4,Black Non-Hispanic,2007-2009,Cancer Mortality Rate
Howard,170.3,White Non-Hispanic,2007-2009,Cancer Mortality Rate
Howard,102.7,Asian/ Pacific Islander Non-Hispanic,2007-2009,Cancer Mortality Rate
Kent,147.3,All races/ethnicities (aggregated),2015-2017,Cancer Mortality Rate
Kent,142.4,White Non-Hispanic,2015-2017,Cancer Mortality Rate
Kent,147.8,All races/ethnicities (aggregated),2014-2016,Cancer Mortality Rate
Kent,135.4,White Non-Hispanic,2014-2016,Cancer Mortality Rate
Kent,149.7,All races/ethnicities (aggregated),2013-2015,Cancer Mortality Rate
Kent,144.9,White Non-Hispanic,2013-2015,Cancer Mortality Rate
Kent,151.1,All races/ethnicities (aggregated),2012-2014,Cancer Mortality Rate
Kent,174.1,Black Non-Hispanic,2012-2014,Cancer Mortality Rate
Kent,145.2,White Non-Hispanic,2012-2014,Cancer Mortality Rate
Kent,152.5,All races/ethnicities (aggregated),2011-2013,Cancer Mortality Rate
Kent,166.5,Black Non-Hispanic,2011-2013,Cancer Mortality Rate
Kent,150.8,White Non-Hispanic,2011-2013,Cancer Mortality Rate
Kent,167.7,All races/ethnicities (aggregated),2010-2012,Cancer Mortality Rate
Kent,221.3,Black Non-Hispanic,2010-2012,Cancer Mortality Rate
Kent,161.7,White Non-Hispanic,2010-2012,Cancer Mortality Rate
Kent,182.4,All races/ethnicities (aggregated),2009-2011,Cancer Mortality Rate
Kent,282.7,Black Non-Hispanic,2009-2011,Cancer Mortality Rate
Kent,167.9,White Non-Hispanic,2009-2011,Cancer Mortality Rate
Kent,207.5,All races/ethnicities (aggregated),2008-2010,Cancer Mortality Rate
Kent,294.2,Black Non-Hispanic,2008-2010,Cancer Mortality Rate
Kent,194.2,White Non-Hispanic,2008-2010,Cancer Mortality Rate
Kent,210.6,All races/ethnicities (aggregated),2007-2009,Cancer Mortality Rate
Kent,275.7,Black Non-Hispanic,2007-2009,Cancer Mortality Rate
Kent,201,White Non-Hispanic,2007-2009,Cancer Mortality Rate
Montgomery,115.2,All races/ethnicities (aggregated),2015-2017,Cancer Mortality Rate
Montgomery,136.8,Black Non-Hispanic,2015-2017,Cancer Mortality Rate
Montgomery,84.3,Hispanic,2015-2017,Cancer Mortality Rate
Montgomery,120.3,White Non-Hispanic,2015-2017,Cancer Mortality Rate
Montgomery,86.3,Asian/ Pacific Islander Non-Hispanic,2015-2017,Cancer Mortality Rate
Montgomery,115.9,All races/ethnicities (aggregated),2014-2016,Cancer Mortality Rate
Montgomery,135.4,Black Non-Hispanic,2014-2016,Cancer Mortality Rate
Montgomery,78.6,Hispanic,2014-2016,Cancer Mortality Rate
Montgomery,123.3,White Non-Hispanic,2014-2016,Cancer Mortality Rate
Montgomery,84.5,Asian/ Pacific Islander Non-Hispanic,2014-2016,Cancer Mortality Rate
Montgomery,119.9,All races/ethnicities (aggregated),2013-2015,Cancer Mortality Rate
Montgomery,142.9,Black Non-Hispanic,2013-2015,Cancer Mortality Rate
Montgomery,79.2,Hispanic,2013-2015,Cancer Mortality Rate
Montgomery,127.8,White Non-Hispanic,2013-2015,Cancer Mortality Rate
Montgomery,84.6,Asian/ Pacific Islander Non-Hispanic,2013-2015,Cancer Mortality Rate
Montgomery,121.7,All races/ethnicities (aggregated),2012-2014,Cancer Mortality Rate
Montgomery,139.4,Black Non-Hispanic,2012-2014,Cancer Mortality Rate
Montgomery,79.1,Hispanic,2012-2014,Cancer Mortality Rate
Montgomery,129.9,White Non-Hispanic,2012-2014,Cancer Mortality Rate
Montgomery,89,Asian/ Pacific Islander Non-Hispanic,2012-2014,Cancer Mortality Rate
Montgomery,124.6,All races/ethnicities (aggregated),2011-2013,Cancer Mortality Rate
Montgomery,143.9,Black Non-Hispanic,2011-2013,Cancer Mortality Rate
Montgomery,78.7,Hispanic,2011-2013,Cancer Mortality Rate
Montgomery,131.6,White Non-Hispanic,2011-2013,Cancer Mortality Rate
Montgomery,92.8,Asian/ Pacific Islander Non-Hispanic,2011-2013,Cancer Mortality Rate
Montgomery,126.7,All races/ethnicities (aggregated),2010-2012,Cancer Mortality Rate
Montgomery,141.9,Black Non-Hispanic,2010-2012,Cancer Mortality Rate
Montgomery,85,Hispanic,2010-2012,Cancer Mortality Rate
Montgomery,134,White Non-Hispanic,2010-2012,Cancer Mortality Rate
Montgomery,95.2,Asian/ Pacific Islander Non-Hispanic,2010-2012,Cancer Mortality Rate
Montgomery,128.5,All races/ethnicities (aggregated),2009-2011,Cancer Mortality Rate
Montgomery,152.1,Black Non-Hispanic,2009-2011,Cancer Mortality Rate
Montgomery,84.5,Hispanic,2009-2011,Cancer Mortality Rate
Montgomery,134.1,White Non-Hispanic,2009-2011,Cancer Mortality Rate
Montgomery,93.4,Asian/ Pacific Islander Non-Hispanic,2009-2011,Cancer Mortality Rate
Montgomery,130.8,All races/ethnicities (aggregated),2008-2010,Cancer Mortality Rate
Montgomery,157.2,Black Non-Hispanic,2008-2010,Cancer Mortality Rate
Montgomery,76.7,Hispanic,2008-2010,Cancer Mortality Rate
Montgomery,137.1,White Non-Hispanic,2008-2010,Cancer Mortality Rate
Montgomery,92.2,Asian/ Pacific Islander Non-Hispanic,2008-2010,Cancer Mortality Rate
Montgomery,130.1,All races/ethnicities (aggregated),2007-2009,Cancer Mortality Rate
Montgomery,167.2,Black Non-Hispanic,2007-2009,Cancer Mortality Rate
Montgomery,67,Hispanic,2007-2009,Cancer Mortality Rate
Montgomery,134.1,White Non-Hispanic,2007-2009,Cancer Mortality Rate
Montgomery,92.2,Asian/ Pacific Islander Non-Hispanic,2007-2009,Cancer Mortality Rate
Prince George's,157.8,All races/ethnicities (aggregated),2015-2017,Cancer Mortality Rate
Prince George's,164.3,Black Non-Hispanic,2015-2017,Cancer Mortality Rate
Prince George's,78.7,Hispanic,2015-2017,Cancer Mortality Rate
Prince George's,168.3,White Non-Hispanic,2015-2017,Cancer Mortality Rate
Prince George's,97.2,Asian/ Pacific Islander Non-Hispanic,2015-2017,Cancer Mortality Rate
Prince George's,157.6,All races/ethnicities (aggregated),2014-2016,Cancer Mortality Rate
Prince George's,163.6,Black Non-Hispanic,2014-2016,Cancer Mortality Rate
Prince George's,80.4,Hispanic,2014-2016,Cancer Mortality Rate
Prince George's,174.6,White Non-Hispanic,2014-2016,Cancer Mortality Rate
Prince George's,85.5,Asian/ Pacific Islander Non-Hispanic,2014-2016,Cancer Mortality Rate
Prince George's,155.5,All races/ethnicities (aggregated),2013-2015,Cancer Mortality Rate
Prince George's,163.4,Black Non-Hispanic,2013-2015,Cancer Mortality Rate
Prince George's,85,Hispanic,2013-2015,Cancer Mortality Rate
Prince George's,164.1,White Non-Hispanic,2013-2015,Cancer Mortality Rate
Prince George's,83.6,Asian/ Pacific Islander Non-Hispanic,2013-2015,Cancer Mortality Rate
Prince George's,156.5,All races/ethnicities (aggregated),2012-2014,Cancer Mortality Rate
Prince George's,164.5,Black Non-Hispanic,2012-2014,Cancer Mortality Rate
Prince George's,72.4,Hispanic,2012-2014,Cancer Mortality Rate
Prince George's,167.9,White Non-Hispanic,2012-2014,Cancer Mortality Rate
Prince George's,79.5,Asian/ Pacific Islander Non-Hispanic,2012-2014,Cancer Mortality Rate
Prince George's,157.7,All races/ethnicities (aggregated),2011-2013,Cancer Mortality Rate
Prince George's,166.6,Black Non-Hispanic,2011-2013,Cancer Mortality Rate
Prince George's,81.1,Hispanic,2011-2013,Cancer Mortality Rate
Prince George's,160.9,White Non-Hispanic,2011-2013,Cancer Mortality Rate
Prince George's,73.1,Asian/ Pacific Islander Non-Hispanic,2011-2013,Cancer Mortality Rate
Prince George's,165.2,All races/ethnicities (aggregated),2010-2012,Cancer Mortality Rate
Prince George's,174.6,Black Non-Hispanic,2010-2012,Cancer Mortality Rate
Prince George's,79.8,Hispanic,2010-2012,Cancer Mortality Rate
Prince George's,169.7,White Non-Hispanic,2010-2012,Cancer Mortality Rate
Prince George's,76.7,Asian/ Pacific Islander Non-Hispanic,2010-2012,Cancer Mortality Rate
Prince George's,170.3,All races/ethnicities (aggregated),2009-2011,Cancer Mortality Rate
Prince George's,177,Black Non-Hispanic,2009-2011,Cancer Mortality Rate
Prince George's,94.1,Hispanic,2009-2011,Cancer Mortality Rate
Prince George's,180,White Non-Hispanic,2009-2011,Cancer Mortality Rate
Prince George's,84.1,Asian/ Pacific Islander Non-Hispanic,2009-2011,Cancer Mortality Rate
Prince George's,175.5,All races/ethnicities (aggregated),2008-2010,Cancer Mortality Rate
Prince George's,202.6,Black Non-Hispanic,2008-2010,Cancer Mortality Rate
Prince George's,74.6,Hispanic,2008-2010,Cancer Mortality Rate
Prince George's,166.7,White Non-Hispanic,2008-2010,Cancer Mortality Rate
Prince George's,82.7,Asian/ Pacific Islander Non-Hispanic,2008-2010,Cancer Mortality Rate
Prince George's,173.8,All races/ethnicities (aggregated),2007-2009,Cancer Mortality Rate
Prince George's,196.5,Black Non-Hispanic,2007-2009,Cancer Mortality Rate
Prince George's,68.7,Hispanic,2007-2009,Cancer Mortality Rate
Prince George's,170.8,White Non-Hispanic,2007-2009,Cancer Mortality Rate
Prince George's,88.2,Asian/ Pacific Islander Non-Hispanic,2007-2009,Cancer Mortality Rate
Queen Anne's,143.2,All races/ethnicities (aggregated),2015-2017,Cancer Mortality Rate
Queen Anne's,140.1,White Non-Hispanic,2015-2017,Cancer Mortality Rate
Queen Anne's,152.4,All races/ethnicities (aggregated),2014-2016,Cancer Mortality Rate
Queen Anne's,150.6,White Non-Hispanic,2014-2016,Cancer Mortality Rate
Queen Anne's,160.4,All races/ethnicities (aggregated),2013-2015,Cancer Mortality Rate
Queen Anne's,160.2,White Non-Hispanic,2013-2015,Cancer Mortality Rate
Queen Anne's,172.3,All races/ethnicities (aggregated),2012-2014,Cancer Mortality Rate
Queen Anne's,161.8,Black Non-Hispanic,2012-2014,Cancer Mortality Rate
Queen Anne's,176.8,White Non-Hispanic,2012-2014,Cancer Mortality Rate
Queen Anne's,176.9,All races/ethnicities (aggregated),2011-2013,Cancer Mortality Rate
Queen Anne's,184.3,Black Non-Hispanic,2011-2013,Cancer Mortality Rate
Queen Anne's,179.4,White Non-Hispanic,2011-2013,Cancer Mortality Rate
Queen Anne's,182.9,All races/ethnicities (aggregated),2010-2012,Cancer Mortality Rate
Queen Anne's,182.7,Black Non-Hispanic,2010-2012,Cancer Mortality Rate
Queen Anne's,186.4,White Non-Hispanic,2010-2012,Cancer Mortality Rate
Queen Anne's,180.6,All races/ethnicities (aggregated),2009-2011,Cancer Mortality Rate
Queen Anne's,207.3,Black Non-Hispanic,2009-2011,Cancer Mortality Rate
Queen Anne's,180.5,White Non-Hispanic,2009-2011,Cancer Mortality Rate
Queen Anne's,177.9,All races/ethnicities (aggregated),2008-2010,Cancer Mortality Rate
Queen Anne's,137.5,Black Non-Hispanic,2008-2010,Cancer Mortality Rate
Queen Anne's,184.9,White Non-Hispanic,2008-2010,Cancer Mortality Rate
Queen Anne's,198.3,All races/ethnicities (aggregated),2007-2009,Cancer Mortality Rate
Queen Anne's,210,Black Non-Hispanic,2007-2009,Cancer Mortality Rate
Queen Anne's,201.1,White Non-Hispanic,2007-2009,Cancer Mortality Rate
Saint Mary's,165,All races/ethnicities (aggregated),2015-2017,Cancer Mortality Rate
Saint Mary's,166.7,Black Non-Hispanic,2015-2017,Cancer Mortality Rate
Saint Mary's,170.3,White Non-Hispanic,2015-2017,Cancer Mortality Rate
Saint Mary's,172.6,All races/ethnicities (aggregated),2014-2016,Cancer Mortality Rate
Saint Mary's,174,Black Non-Hispanic,2014-2016,Cancer Mortality Rate
Saint Mary's,177.8,White Non-Hispanic,2014-2016,Cancer Mortality Rate
Saint Mary's,182.9,All races/ethnicities (aggregated),2013-2015,Cancer Mortality Rate
Saint Mary's,191.4,Black Non-Hispanic,2013-2015,Cancer Mortality Rate
Saint Mary's,187.7,White Non-Hispanic,2013-2015,Cancer Mortality Rate
Saint Mary's,184.4,All races/ethnicities (aggregated),2012-2014,Cancer Mortality Rate
Saint Mary's,220.3,Black Non-Hispanic,2012-2014,Cancer Mortality Rate
Saint Mary's,185.4,White Non-Hispanic,2012-2014,Cancer Mortality Rate
Saint Mary's,187.5,All races/ethnicities (aggregated),2011-2013,Cancer Mortality Rate
Saint Mary's,195.3,Black Non-Hispanic,2011-2013,Cancer Mortality Rate
Saint Mary's,193.4,White Non-Hispanic,2011-2013,Cancer Mortality Rate
Saint Mary's,175.9,All races/ethnicities (aggregated),2010-2012,Cancer Mortality Rate
Saint Mary's,161.7,Black Non-Hispanic,2010-2012,Cancer Mortality Rate
Saint Mary's,184.4,White Non-Hispanic,2010-2012,Cancer Mortality Rate
Saint Mary's,179.5,All races/ethnicities (aggregated),2009-2011,Cancer Mortality Rate
Saint Mary's,139.9,Black Non-Hispanic,2009-2011,Cancer Mortality Rate
Saint Mary's,192.2,White Non-Hispanic,2009-2011,Cancer Mortality Rate
Saint Mary's,175.9,All races/ethnicities (aggregated),2008-2010,Cancer Mortality Rate
Saint Mary's,170.3,Black Non-Hispanic,2008-2010,Cancer Mortality Rate
Saint Mary's,183.8,White Non-Hispanic,2008-2010,Cancer Mortality Rate
Saint Mary's,186.1,All races/ethnicities (aggregated),2007-2009,Cancer Mortality Rate
Saint Mary's,176.5,Black Non-Hispanic,2007-2009,Cancer Mortality Rate
Saint Mary's,194.4,White Non-Hispanic,2007-2009,Cancer Mortality Rate
Somerset,176.6,All races/ethnicities (aggregated),2015-2017,Cancer Mortality Rate
Somerset,196.1,White Non-Hispanic,2015-2017,Cancer Mortality Rate
Somerset,182,All races/ethnicities (aggregated),2014-2016,Cancer Mortality Rate
Somerset,193.4,White Non-Hispanic,2014-2016,Cancer Mortality Rate
Somerset,189.8,All races/ethnicities (aggregated),2013-2015,Cancer Mortality Rate
Somerset,187.2,White Non-Hispanic,2013-2015,Cancer Mortality Rate
Somerset,199.2,All races/ethnicities (aggregated),2012-2014,Cancer Mortality Rate
Somerset,233.3,Black Non-Hispanic,2012-2014,Cancer Mortality Rate
Somerset,194.1,White Non-Hispanic,2012-2014,Cancer Mortality Rate
Somerset,213,All races/ethnicities (aggregated),2011-2013,Cancer Mortality Rate
Somerset,213.8,Black Non-Hispanic,2011-2013,Cancer Mortality Rate
Somerset,219,White Non-Hispanic,2011-2013,Cancer Mortality Rate
Somerset,228,All races/ethnicities (aggregated),2010-2012,Cancer Mortality Rate
Somerset,228.2,Black Non-Hispanic,2010-2012,Cancer Mortality Rate
Somerset,231.9,White Non-Hispanic,2010-2012,Cancer Mortality Rate
Somerset,241.2,All races/ethnicities (aggregated),2009-2011,Cancer Mortality Rate
Somerset,249.8,Black Non-Hispanic,2009-2011,Cancer Mortality Rate
Somerset,240.8,White Non-Hispanic,2009-2011,Cancer Mortality Rate
Somerset,224.3,All races/ethnicities (aggregated),2008-2010,Cancer Mortality Rate
Somerset,257.7,Black Non-Hispanic,2008-2010,Cancer Mortality Rate
Somerset,215.6,White Non-Hispanic,2008-2010,Cancer Mortality Rate
Somerset,215.2,All races/ethnicities (aggregated),2007-2009,Cancer Mortality Rate
Somerset,259.7,Black Non-Hispanic,2007-2009,Cancer Mortality Rate
Somerset,202.8,White Non-Hispanic,2007-2009,Cancer Mortality Rate
State,154.5,All races/ethnicities (aggregated),2015-2017,Cancer Mortality Rate
State,175.3,Black Non-Hispanic,2015-2017,Cancer Mortality Rate
State,75,Hispanic,2015-2017,Cancer Mortality Rate
State,156,White Non-Hispanic,2015-2017,Cancer Mortality Rate
State,85.8,Asian/ Pacific Islander Non-Hispanic,2015-2017,Cancer Mortality Rate
State,157.4,All races/ethnicities (aggregated),2014-2016,Cancer Mortality Rate
State,179.8,Black Non-Hispanic,2014-2016,Cancer Mortality Rate
State,73.3,Hispanic,2014-2016,Cancer Mortality Rate
State,159,White Non-Hispanic,2014-2016,Cancer Mortality Rate
State,85.7,Asian/ Pacific Islander Non-Hispanic,2014-2016,Cancer Mortality Rate
State,159.3,All races/ethnicities (aggregated),2013-2015,Cancer Mortality Rate
State,181.7,Black Non-Hispanic,2013-2015,Cancer Mortality Rate
State,72.8,Hispanic,2013-2015,Cancer Mortality Rate
State,160.9,White Non-Hispanic,2013-2015,Cancer Mortality Rate
State,86.6,Asian/ Pacific Islander Non-Hispanic,2013-2015,Cancer Mortality Rate
State,162,All races/ethnicities (aggregated),2012-2014,Cancer Mortality Rate
State,182.5,Black Non-Hispanic,2012-2014,Cancer Mortality Rate
State,73.3,Hispanic,2012-2014,Cancer Mortality Rate
State,164.3,White Non-Hispanic,2012-2014,Cancer Mortality Rate
State,88,Asian/ Pacific Islander Non-Hispanic,2012-2014,Cancer Mortality Rate
State,163.8,All races/ethnicities (aggregated),2011-2013,Cancer Mortality Rate
State,186.7,Black Non-Hispanic,2011-2013,Cancer Mortality Rate
State,73.8,Hispanic,2011-2013,Cancer Mortality Rate
State,164.8,White Non-Hispanic,2011-2013,Cancer Mortality Rate
State,87.1,Asian/ Pacific Islander Non-Hispanic,2011-2013,Cancer Mortality Rate
State,166.8,All races/ethnicities (aggregated),2010-2012,Cancer Mortality Rate
State,191.1,Black Non-Hispanic,2010-2012,Cancer Mortality Rate
State,78.1,Hispanic,2010-2012,Cancer Mortality Rate
State,167,White Non-Hispanic,2010-2012,Cancer Mortality Rate
State,90.3,Asian/ Pacific Islander Non-Hispanic,2010-2012,Cancer Mortality Rate
State,171.4,All races/ethnicities (aggregated),2009-2011,Cancer Mortality Rate
State,195.5,Black Non-Hispanic,2009-2011,Cancer Mortality Rate
State,79.8,Hispanic,2009-2011,Cancer Mortality Rate
State,171.3,White Non-Hispanic,2009-2011,Cancer Mortality Rate
State,93.2,Asian/ Pacific Islander Non-Hispanic,2009-2011,Cancer Mortality Rate
State,176.8,All races/ethnicities (aggregated),2008-2010,Cancer Mortality Rate
State,203.3,Black Non-Hispanic,2008-2010,Cancer Mortality Rate
State,71.6,Hispanic,2008-2010,Cancer Mortality Rate
State,177.2,White Non-Hispanic,2008-2010,Cancer Mortality Rate
State,93.2,Asian/ Pacific Islander Non-Hispanic,2008-2010,Cancer Mortality Rate
State,179.3,All races/ethnicities (aggregated),2007-2009,Cancer Mortality Rate
State,206.8,Black Non-Hispanic,2007-2009,Cancer Mortality Rate
State,68.2,Hispanic,2007-2009,Cancer Mortality Rate
State,179.3,White Non-Hispanic,2007-2009,Cancer Mortality Rate
State,91.2,Asian/ Pacific Islander Non-Hispanic,2007-2009,Cancer Mortality Rate
Talbot,119.1,All races/ethnicities (aggregated),2015-2017,Cancer Mortality Rate
Talbot,112.5,White Non-Hispanic,2015-2017,Cancer Mortality Rate
Talbot,127.9,All races/ethnicities (aggregated),2014-2016,Cancer Mortality Rate
Talbot,121,White Non-Hispanic,2014-2016,Cancer Mortality Rate
Talbot,143.8,All races/ethnicities (aggregated),2013-2015,Cancer Mortality Rate
Talbot,140.6,White Non-Hispanic,2013-2015,Cancer Mortality Rate
Talbot,155,All races/ethnicities (aggregated),2012-2014,Cancer Mortality Rate
Talbot,194.8,Black Non-Hispanic,2012-2014,Cancer Mortality Rate
Talbot,152.4,White Non-Hispanic,2012-2014,Cancer Mortality Rate
Talbot,160.4,All races/ethnicities (aggregated),2011-2013,Cancer Mortality Rate
Talbot,214.1,Black Non-Hispanic,2011-2013,Cancer Mortality Rate
Talbot,156,White Non-Hispanic,2011-2013,Cancer Mortality Rate
Talbot,159.2,All races/ethnicities (aggregated),2010-2012,Cancer Mortality Rate
Talbot,243,Black Non-Hispanic,2010-2012,Cancer Mortality Rate
Talbot,151.2,White Non-Hispanic,2010-2012,Cancer Mortality Rate
Talbot,170.5,All races/ethnicities (aggregated),2009-2011,Cancer Mortality Rate
Talbot,217.4,Black Non-Hispanic,2009-2011,Cancer Mortality Rate
Talbot,166,White Non-Hispanic,2009-2011,Cancer Mortality Rate
Talbot,176.7,All races/ethnicities (aggregated),2008-2010,Cancer Mortality Rate
Talbot,167.9,Black Non-Hispanic,2008-2010,Cancer Mortality Rate
Talbot,178.5,White Non-Hispanic,2008-2010,Cancer Mortality Rate
Talbot,176.1,All races/ethnicities (aggregated),2007-2009,Cancer Mortality Rate
Talbot,186,Black Non-Hispanic,2007-2009,Cancer Mortality Rate
Talbot,175.5,White Non-Hispanic,2007-2009,Cancer Mortality Rate
Washington,159.3,All races/ethnicities (aggregated),2015-2017,Cancer Mortality Rate
Washington,163.4,White Non-Hispanic,2015-2017,Cancer Mortality Rate
Washington,165.2,All races/ethnicities (aggregated),2014-2016,Cancer Mortality Rate
Washington,171.1,White Non-Hispanic,2014-2016,Cancer Mortality Rate
Washington,174.3,All races/ethnicities (aggregated),2013-2015,Cancer Mortality Rate
Washington,178.7,White Non-Hispanic,2013-2015,Cancer Mortality Rate
Washington,180.2,All races/ethnicities (aggregated),2012-2014,Cancer Mortality Rate
Washington,139.9,Black Non-Hispanic,2012-2014,Cancer Mortality Rate
Washington,183.9,White Non-Hispanic,2012-2014,Cancer Mortality Rate
Washington,178,All races/ethnicities (aggregated),2011-2013,Cancer Mortality Rate
Washington,143.9,Black Non-Hispanic,2011-2013,Cancer Mortality Rate
Washington,180.3,White Non-Hispanic,2011-2013,Cancer Mortality Rate
Washington,179.4,All races/ethnicities (aggregated),2010-2012,Cancer Mortality Rate
Washington,124.8,Black Non-Hispanic,2010-2012,Cancer Mortality Rate
Washington,183.4,White Non-Hispanic,2010-2012,Cancer Mortality Rate
Washington,178.5,All races/ethnicities (aggregated),2009-2011,Cancer Mortality Rate
Washington,155.9,Black Non-Hispanic,2009-2011,Cancer Mortality Rate
Washington,182.1,White Non-Hispanic,2009-2011,Cancer Mortality Rate
Washington,184.3,All races/ethnicities (aggregated),2008-2010,Cancer Mortality Rate
Washington,155.3,Black Non-Hispanic,2008-2010,Cancer Mortality Rate
Washington,188,White Non-Hispanic,2008-2010,Cancer Mortality Rate
Washington,185.4,All races/ethnicities (aggregated),2007-2009,Cancer Mortality Rate
Washington,254.6,Black Non-Hispanic,2007-2009,Cancer Mortality Rate
Washington,185.6,White Non-Hispanic,2007-2009,Cancer Mortality Rate
Wicomico,196.8,All races/ethnicities (aggregated),2015-2017,Cancer Mortality Rate
Wicomico,232.1,Black Non-Hispanic,2015-2017,Cancer Mortality Rate
Wicomico,191.5,White Non-Hispanic,2015-2017,Cancer Mortality Rate
Wicomico,197.8,All races/ethnicities (aggregated),2014-2016,Cancer Mortality Rate
Wicomico,243.6,Black Non-Hispanic,2014-2016,Cancer Mortality Rate
Wicomico,190.7,White Non-Hispanic,2014-2016,Cancer Mortality Rate
Wicomico,203.4,All races/ethnicities (aggregated),2013-2015,Cancer Mortality Rate
Wicomico,231.6,Black Non-Hispanic,2013-2015,Cancer Mortality Rate
Wicomico,200.2,White Non-Hispanic,2013-2015,Cancer Mortality Rate
Wicomico,197.2,All races/ethnicities (aggregated),2012-2014,Cancer Mortality Rate
Wicomico,228.4,Black Non-Hispanic,2012-2014,Cancer Mortality Rate
Wicomico,193.1,White Non-Hispanic,2012-2014,Cancer Mortality Rate
Wicomico,200.5,All races/ethnicities (aggregated),2011-2013,Cancer Mortality Rate
Wicomico,220.6,Black Non-Hispanic,2011-2013,Cancer Mortality Rate
Wicomico,197.3,White Non-Hispanic,2011-2013,Cancer Mortality Rate
Wicomico,187,All races/ethnicities (aggregated),2010-2012,Cancer Mortality Rate
Wicomico,206.7,Black Non-Hispanic,2010-2012,Cancer Mortality Rate
Wicomico,182.9,White Non-Hispanic,2010-2012,Cancer Mortality Rate
Wicomico,208.2,All races/ethnicities (aggregated),2009-2011,Cancer Mortality Rate
Wicomico,215.4,Black Non-Hispanic,2009-2011,Cancer Mortality Rate
Wicomico,209.8,White Non-Hispanic,2009-2011,Cancer Mortality Rate
Wicomico,215.3,All races/ethnicities (aggregated),2008-2010,Cancer Mortality Rate
Wicomico,202.2,Black Non-Hispanic,2008-2010,Cancer Mortality Rate
Wicomico,223.4,White Non-Hispanic,2008-2010,Cancer Mortality Rate
Wicomico,232.8,All races/ethnicities (aggregated),2007-2009,Cancer Mortality Rate
Wicomico,209.5,Black Non-Hispanic,2007-2009,Cancer Mortality Rate
Wicomico,245.1,White Non-Hispanic,2007-2009,Cancer Mortality Rate
Worcester,171.7,All races/ethnicities (aggregated),2015-2017,Cancer Mortality Rate
Worcester,170.4,White Non-Hispanic,2015-2017,Cancer Mortality Rate
Worcester,173.7,All races/ethnicities (aggregated),2014-2016,Cancer Mortality Rate
Worcester,169.4,White Non-Hispanic,2014-2016,Cancer Mortality Rate
Worcester,180.4,All races/ethnicities (aggregated),2013-2015,Cancer Mortality Rate
Worcester,247,Black Non-Hispanic,2013-2015,Cancer Mortality Rate
Worcester,175,White Non-Hispanic,2013-2015,Cancer Mortality Rate
Worcester,175.7,All races/ethnicities (aggregated),2012-2014,Cancer Mortality Rate
Worcester,252.7,Black Non-Hispanic,2012-2014,Cancer Mortality Rate
Worcester,169.5,White Non-Hispanic,2012-2014,Cancer Mortality Rate
Worcester,180.7,All races/ethnicities (aggregated),2011-2013,Cancer Mortality Rate
Worcester,241.8,Black Non-Hispanic,2011-2013,Cancer Mortality Rate
Worcester,176.7,White Non-Hispanic,2011-2013,Cancer Mortality Rate
Worcester,185.7,All races/ethnicities (aggregated),2010-2012,Cancer Mortality Rate
Worcester,240.1,Black Non-Hispanic,2010-2012,Cancer Mortality Rate
Worcester,181.7,White Non-Hispanic,2010-2012,Cancer Mortality Rate
Worcester,189.4,All races/ethnicities (aggregated),2009-2011,Cancer Mortality Rate
Worcester,228.1,Black Non-Hispanic,2009-2011,Cancer Mortality Rate
Worcester,187.8,White Non-Hispanic,2009-2011,Cancer Mortality Rate
Worcester,204.7,All races/ethnicities (aggregated),2008-2010,Cancer Mortality Rate
Worcester,236.2,Black Non-Hispanic,2008-2010,Cancer Mortality Rate
Worcester,203.2,White Non-Hispanic,2008-2010,Cancer Mortality Rate
Worcester,196.4,All races/ethnicities (aggregated),2007-2009,Cancer Mortality Rate
Worcester,212.9,Black Non-Hispanic,2007-2009,Cancer Mortality Rate
Worcester,197.8,White Non-Hispanic,2007-2009,Cancer Mortality Rate
